[
  {
    "mined": 0,
    "pending": 0,
    "queued": 0,
    "timestamp": 1644401666000,
    "blocknumber": 13
  },
  {
    "mined": 0,
    "pending": 0,
    "queued": 0,
    "timestamp": 1644401671000,
    "blocknumber": 14
  },
  {
    "mined": 0,
    "pending": 0,
    "queued": 0,
    "timestamp": 1644401676000,
    "blocknumber": 15
  },
  {
    "mined": 0,
    "pending": 0,
    "queued": 0,
    "timestamp": 1644401681000,
    "blocknumber": 16
  },
  {
    "mined": 0,
    "pending": 0,
    "queued": 0,
    "timestamp": 1644401686000,
    "blocknumber": 17
  },
  {
    "mined": 1,
    "pending": 345,
    "queued": 0,
    "timestamp": 1644401691000,
    "blocknumber": 18
  },
  {
    "mined": 1091,
    "pending": 751,
    "queued": 0,
    "timestamp": 1644401696000,
    "blocknumber": 19
  },
  {
    "mined": 1897,
    "pending": 1124,
    "queued": 0,
    "timestamp": 1644401701000,
    "blocknumber": 20
  },
  {
    "mined": 2537,
    "pending": 1468,
    "queued": 0,
    "timestamp": 1644401706000,
    "blocknumber": 21
  },
  {
    "mined": 3303,
    "pending": 1833,
    "queued": 0,
    "timestamp": 1644401711000,
    "blocknumber": 22
  },
  {
    "mined": 3853,
    "pending": 1877,
    "queued": 0,
    "timestamp": 1644401716000,
    "blocknumber": 23
  },
  {
    "mined": 3495,
    "pending": 1637,
    "queued": 0,
    "timestamp": 1644401721000,
    "blocknumber": 24
  },
  {
    "mined": 3319,
    "pending": 1398,
    "queued": 0,
    "timestamp": 1644401726000,
    "blocknumber": 25
  },
  {
    "mined": 2860,
    "pending": 1033,
    "queued": 0,
    "timestamp": 1644401731000,
    "blocknumber": 26
  },
  {
    "mined": 3045,
    "pending": 2129,
    "queued": 0,
    "timestamp": 1644401736000,
    "blocknumber": 27
  },
  {
    "mined": 4499,
    "pending": 2337,
    "queued": 0,
    "timestamp": 1644401741000,
    "blocknumber": 28
  },
  {
    "mined": 4935,
    "pending": 2446,
    "queued": 0,
    "timestamp": 1644401746000,
    "blocknumber": 29
  },
  {
    "mined": 5226,
    "pending": 2340,
    "queued": 0,
    "timestamp": 1644401751000,
    "blocknumber": 30
  },
  {
    "mined": 5001,
    "pending": 2347,
    "queued": 0,
    "timestamp": 1644401756000,
    "blocknumber": 31
  },
  {
    "mined": 5140,
    "pending": 2483,
    "queued": 0,
    "timestamp": 1644401761000,
    "blocknumber": 32
  },
  {
    "mined": 5250,
    "pending": 2421,
    "queued": 0,
    "timestamp": 1644401766000,
    "blocknumber": 33
  },
  {
    "mined": 5087,
    "pending": 2459,
    "queued": 0,
    "timestamp": 1644401771000,
    "blocknumber": 34
  },
  {
    "mined": 5067,
    "pending": 2302,
    "queued": 0,
    "timestamp": 1644401776000,
    "blocknumber": 35
  },
  {
    "mined": 5035,
    "pending": 2265,
    "queued": 0,
    "timestamp": 1644401781000,
    "blocknumber": 36
  },
  {
    "mined": 5017,
    "pending": 2399,
    "queued": 0,
    "timestamp": 1644401786000,
    "blocknumber": 37
  },
  {
    "mined": 5193,
    "pending": 2364,
    "queued": 0,
    "timestamp": 1644401791000,
    "blocknumber": 38
  },
  {
    "mined": 5076,
    "pending": 2360,
    "queued": 0,
    "timestamp": 1644401796000,
    "blocknumber": 39
  },
  {
    "mined": 5077,
    "pending": 2295,
    "queued": 0,
    "timestamp": 1644401801000,
    "blocknumber": 40
  },
  {
    "mined": 5037,
    "pending": 2399,
    "queued": 0,
    "timestamp": 1644401806000,
    "blocknumber": 41
  },
  {
    "mined": 5108,
    "pending": 2288,
    "queued": 0,
    "timestamp": 1644401811000,
    "blocknumber": 42
  },
  {
    "mined": 4938,
    "pending": 2305,
    "queued": 0,
    "timestamp": 1644401816000,
    "blocknumber": 43
  },
  {
    "mined": 5150,
    "pending": 2509,
    "queued": 0,
    "timestamp": 1644401821000,
    "blocknumber": 44
  },
  {
    "mined": 5219,
    "pending": 1911,
    "queued": 0,
    "timestamp": 1644401826000,
    "blocknumber": 45
  },
  {
    "mined": 4451,
    "pending": 2354,
    "queued": 0,
    "timestamp": 1644401831000,
    "blocknumber": 46
  },
  {
    "mined": 5080,
    "pending": 2385,
    "queued": 0,
    "timestamp": 1644401836000,
    "blocknumber": 47
  },
  {
    "mined": 5125,
    "pending": 2370,
    "queued": 0,
    "timestamp": 1644401841000,
    "blocknumber": 48
  },
  {
    "mined": 5133,
    "pending": 2407,
    "queued": 0,
    "timestamp": 1644401846000,
    "blocknumber": 49
  },
  {
    "mined": 5208,
    "pending": 2423,
    "queued": 0,
    "timestamp": 1644401851000,
    "blocknumber": 50
  },
  {
    "mined": 5139,
    "pending": 2352,
    "queued": 0,
    "timestamp": 1644401856000,
    "blocknumber": 51
  },
  {
    "mined": 5138,
    "pending": 2170,
    "queued": 0,
    "timestamp": 1644401861000,
    "blocknumber": 52
  },
  {
    "mined": 5021,
    "pending": 2858,
    "queued": 0,
    "timestamp": 1644401866000,
    "blocknumber": 53
  },
  {
    "mined": 5193,
    "pending": 2527,
    "queued": 0,
    "timestamp": 1644401871000,
    "blocknumber": 54
  },
  {
    "mined": 5080,
    "pending": 2346,
    "queued": 0,
    "timestamp": 1644401876000,
    "blocknumber": 55
  },
  {
    "mined": 5069,
    "pending": 2508,
    "queued": 0,
    "timestamp": 1644401881000,
    "blocknumber": 56
  },
  {
    "mined": 5293,
    "pending": 2814,
    "queued": 0,
    "timestamp": 1644401886000,
    "blocknumber": 57
  },
  {
    "mined": 5044,
    "pending": 2691,
    "queued": 0,
    "timestamp": 1644401891000,
    "blocknumber": 58
  },
  {
    "mined": 5350,
    "pending": 2380,
    "queued": 0,
    "timestamp": 1644401896000,
    "blocknumber": 59
  },
  {
    "mined": 5176,
    "pending": 2281,
    "queued": 0,
    "timestamp": 1644401901000,
    "blocknumber": 60
  },
  {
    "mined": 5136,
    "pending": 2632,
    "queued": 0,
    "timestamp": 1644401906000,
    "blocknumber": 61
  },
  {
    "mined": 5331,
    "pending": 2536,
    "queued": 0,
    "timestamp": 1644401911000,
    "blocknumber": 62
  },
  {
    "mined": 5387,
    "pending": 2459,
    "queued": 0,
    "timestamp": 1644401916000,
    "blocknumber": 63
  },
  {
    "mined": 5280,
    "pending": 2679,
    "queued": 0,
    "timestamp": 1644401921000,
    "blocknumber": 64
  },
  {
    "mined": 5462,
    "pending": 2563,
    "queued": 0,
    "timestamp": 1644401926000,
    "blocknumber": 65
  },
  {
    "mined": 5654,
    "pending": 2453,
    "queued": 0,
    "timestamp": 1644401931000,
    "blocknumber": 66
  },
  {
    "mined": 5394,
    "pending": 2291,
    "queued": 0,
    "timestamp": 1644401936000,
    "blocknumber": 67
  },
  {
    "mined": 5200,
    "pending": 2573,
    "queued": 0,
    "timestamp": 1644401941000,
    "blocknumber": 68
  },
  {
    "mined": 5366,
    "pending": 2326,
    "queued": 0,
    "timestamp": 1644401946000,
    "blocknumber": 69
  },
  {
    "mined": 4896,
    "pending": 2549,
    "queued": 0,
    "timestamp": 1644401951000,
    "blocknumber": 70
  },
  {
    "mined": 5256,
    "pending": 207,
    "queued": 0,
    "timestamp": 1644401956000,
    "blocknumber": 71
  },
  {
    "mined": 207,
    "pending": 0,
    "queued": 0,
    "timestamp": 1644401961000,
    "blocknumber": 72
  },
  {
    "mined": 0,
    "pending": 0,
    "queued": 0,
    "timestamp": 1644401966000,
    "blocknumber": 73
  },
  {
    "mined": 0,
    "pending": 0,
    "queued": 0,
    "timestamp": 1644401971000,
    "blocknumber": 74
  }
]
