[
    {
        "mined": 0,
        "pending": 0,
        "queued": 0,
        "timestamp": 1644436005000,
        "blocknumber": 11
    },
    {
        "mined": 0,
        "pending": 0,
        "queued": 0,
        "timestamp": 1644436010000,
        "blocknumber": 12
    },
    {
        "mined": 0,
        "pending": 219,
        "queued": 0,
        "timestamp": 1644436015000,
        "blocknumber": 13
    },
    {
        "mined": 809,
        "pending": 561,
        "queued": 0,
        "timestamp": 1644436020000,
        "blocknumber": 14
    },
    {
        "mined": 1420,
        "pending": 719,
        "queued": 0,
        "timestamp": 1644436025000,
        "blocknumber": 15
    },
    {
        "mined": 1578,
        "pending": 740,
        "queued": 0,
        "timestamp": 1644436030000,
        "blocknumber": 16
    },
    {
        "mined": 1659,
        "pending": 780,
        "queued": 0,
        "timestamp": 1644436035000,
        "blocknumber": 17
    },
    {
        "mined": 1622,
        "pending": 915,
        "queued": 0,
        "timestamp": 1644436040000,
        "blocknumber": 18
    },
    {
        "mined": 2217,
        "pending": 1159,
        "queued": 1,
        "timestamp": 1644436045000,
        "blocknumber": 19
    },
    {
        "mined": 2416,
        "pending": 979,
        "queued": 0,
        "timestamp": 1644436050000,
        "blocknumber": 20
    },
    {
        "mined": 2164,
        "pending": 1115,
        "queued": 0,
        "timestamp": 1644436055000,
        "blocknumber": 21
    },
    {
        "mined": 2025,
        "pending": 997,
        "queued": 0,
        "timestamp": 1644436060000,
        "blocknumber": 22
    },
    {
        "mined": 2077,
        "pending": 1133,
        "queued": 0,
        "timestamp": 1644436065000,
        "blocknumber": 23
    },
    {
        "mined": 2734,
        "pending": 1353,
        "queued": 0,
        "timestamp": 1644436070000,
        "blocknumber": 24
    },
    {
        "mined": 3100,
        "pending": 1326,
        "queued": 0,
        "timestamp": 1644436075000,
        "blocknumber": 25
    },
    {
        "mined": 3037,
        "pending": 1305,
        "queued": 0,
        "timestamp": 1644436080000,
        "blocknumber": 26
    },
    {
        "mined": 3041,
        "pending": 1357,
        "queued": 0,
        "timestamp": 1644436085000,
        "blocknumber": 27
    },
    {
        "mined": 3051,
        "pending": 1414,
        "queued": 0,
        "timestamp": 1644436090000,
        "blocknumber": 28
    },
    {
        "mined": 3102,
        "pending": 1325,
        "queued": 0,
        "timestamp": 1644436095000,
        "blocknumber": 29
    },
    {
        "mined": 3023,
        "pending": 1321,
        "queued": 0,
        "timestamp": 1644436100000,
        "blocknumber": 30
    },
    {
        "mined": 3043,
        "pending": 1363,
        "queued": 0,
        "timestamp": 1644436105000,
        "blocknumber": 31
    },
    {
        "mined": 3131,
        "pending": 1350,
        "queued": 0,
        "timestamp": 1644436110000,
        "blocknumber": 32
    },
    {
        "mined": 3081,
        "pending": 1368,
        "queued": 0,
        "timestamp": 1644436115000,
        "blocknumber": 33
    },
    {
        "mined": 3100,
        "pending": 1346,
        "queued": 0,
        "timestamp": 1644436120000,
        "blocknumber": 34
    },
    {
        "mined": 3044,
        "pending": 1305,
        "queued": 0,
        "timestamp": 1644436125000,
        "blocknumber": 35
    },
    {
        "mined": 3040,
        "pending": 1352,
        "queued": 0,
        "timestamp": 1644436130000,
        "blocknumber": 36
    },
    {
        "mined": 3127,
        "pending": 1277,
        "queued": 0,
        "timestamp": 1644436135000,
        "blocknumber": 37
    },
    {
        "mined": 3022,
        "pending": 1345,
        "queued": 0,
        "timestamp": 1644436140000,
        "blocknumber": 38
    },
    {
        "mined": 3095,
        "pending": 1314,
        "queued": 0,
        "timestamp": 1644436145000,
        "blocknumber": 39
    },
    {
        "mined": 3020,
        "pending": 1404,
        "queued": 0,
        "timestamp": 1644436150000,
        "blocknumber": 40
    },
    {
        "mined": 3086,
        "pending": 1352,
        "queued": 0,
        "timestamp": 1644436155000,
        "blocknumber": 41
    },
    {
        "mined": 3093,
        "pending": 1324,
        "queued": 0,
        "timestamp": 1644436160000,
        "blocknumber": 42
    },
    {
        "mined": 3105,
        "pending": 1348,
        "queued": 0,
        "timestamp": 1644436165000,
        "blocknumber": 43
    },
    {
        "mined": 3049,
        "pending": 1328,
        "queued": 0,
        "timestamp": 1644436170000,
        "blocknumber": 44
    },
    {
        "mined": 3065,
        "pending": 1390,
        "queued": 0,
        "timestamp": 1644436175000,
        "blocknumber": 45
    },
    {
        "mined": 3112,
        "pending": 1342,
        "queued": 0,
        "timestamp": 1644436180000,
        "blocknumber": 46
    },
    {
        "mined": 3035,
        "pending": 1336,
        "queued": 0,
        "timestamp": 1644436185000,
        "blocknumber": 47
    },
    {
        "mined": 3053,
        "pending": 1356,
        "queued": 0,
        "timestamp": 1644436190000,
        "blocknumber": 48
    },
    {
        "mined": 3121,
        "pending": 1322,
        "queued": 0,
        "timestamp": 1644436195000,
        "blocknumber": 49
    },
    {
        "mined": 3055,
        "pending": 1339,
        "queued": 0,
        "timestamp": 1644436200000,
        "blocknumber": 50
    },
    {
        "mined": 3009,
        "pending": 1299,
        "queued": 0,
        "timestamp": 1644436205000,
        "blocknumber": 51
    },
    {
        "mined": 3057,
        "pending": 1379,
        "queued": 0,
        "timestamp": 1644436210000,
        "blocknumber": 52
    },
    {
        "mined": 1895,
        "pending": 0,
        "queued": 0,
        "timestamp": 1644436215000,
        "blocknumber": 53
    },
    {
        "mined": 0,
        "pending": 0,
        "queued": 0,
        "timestamp": 1644436220000,
        "blocknumber": 54
    },
    {
        "mined": 0,
        "pending": 0,
        "queued": 0,
        "timestamp": 1644436225000,
        "blocknumber": 55
    }
]