[
    {
        "mined": 0,
        "pending": 0,
        "queued": 0,
        "timestamp": 1645020239000,
        "blocknumber": 10
    },
    {
        "mined": 0,
        "pending": 0,
        "queued": 0,
        "timestamp": 1645020244000,
        "blocknumber": 11
    },
    {
        "mined": 0,
        "pending": 0,
        "queued": 0,
        "timestamp": 1645020249000,
        "blocknumber": 12
    },
    {
        "mined": 0,
        "pending": 0,
        "queued": 0,
        "timestamp": 1645020254000,
        "blocknumber": 13
    },
    {
        "mined": 4,
        "pending": 71,
        "queued": 210,
        "timestamp": 1645020259000,
        "blocknumber": 14
    },
    {
        "mined": 285,
        "pending": 166,
        "queued": 1077,
        "timestamp": 1645020264000,
        "blocknumber": 15
    },
    {
        "mined": 423,
        "pending": 190,
        "queued": 2230,
        "timestamp": 1645020269000,
        "blocknumber": 16
    },
    {
        "mined": 567,
        "pending": 306,
        "queued": 3689,
        "timestamp": 1645020274000,
        "blocknumber": 17
    },
    {
        "mined": 638,
        "pending": 360,
        "queued": 5708,
        "timestamp": 1645020279000,
        "blocknumber": 18
    },
    {
        "mined": 1011,
        "pending": 499,
        "queued": 8128,
        "timestamp": 1645020284000,
        "blocknumber": 19
    },
    {
        "mined": 1198,
        "pending": 509,
        "queued": 10350,
        "timestamp": 1645020289000,
        "blocknumber": 20
    },
    {
        "mined": 971,
        "pending": 402,
        "queued": 12198,
        "timestamp": 1645020294000,
        "blocknumber": 21
    },
    {
        "mined": 943,
        "pending": 404,
        "queued": 14309,
        "timestamp": 1645020299000,
        "blocknumber": 22
    },
    {
        "mined": 687,
        "pending": 326,
        "queued": 15852,
        "timestamp": 1645020304000,
        "blocknumber": 23
    },
    {
        "mined": 970,
        "pending": 456,
        "queued": 17503,
        "timestamp": 1645020309000,
        "blocknumber": 24
    },
    {
        "mined": 1209,
        "pending": 491,
        "queued": 20098,
        "timestamp": 1645020314000,
        "blocknumber": 25
    },
    {
        "mined": 10081,
        "pending": 13065,
        "queued": 2190,
        "timestamp": 1645020319000,
        "blocknumber": 26
    },
    {
        "mined": 10071,
        "pending": 4467,
        "queued": 5025,
        "timestamp": 1645020324000,
        "blocknumber": 27
    },
    {
        "mined": 5378,
        "pending": 635,
        "queued": 8085,
        "timestamp": 1645020329000,
        "blocknumber": 28
    },
    {
        "mined": 1403,
        "pending": 735,
        "queued": 11300,
        "timestamp": 1645020334000,
        "blocknumber": 29
    },
    {
        "mined": 1715,
        "pending": 706,
        "queued": 14570,
        "timestamp": 1645020339000,
        "blocknumber": 30
    },
    {
        "mined": 1592,
        "pending": 755,
        "queued": 17648,
        "timestamp": 1645020344000,
        "blocknumber": 31
    },
    {
        "mined": 10020,
        "pending": 12316,
        "queued": 857,
        "timestamp": 1645020349000,
        "blocknumber": 32
    },
    {
        "mined": 10011,
        "pending": 3903,
        "queued": 3968,
        "timestamp": 1645020354000,
        "blocknumber": 33
    },
    {
        "mined": 4828,
        "pending": 603,
        "queued": 6993,
        "timestamp": 1645020359000,
        "blocknumber": 34
    },
    {
        "mined": 1577,
        "pending": 446,
        "queued": 10345,
        "timestamp": 1645020364000,
        "blocknumber": 35
    },
    {
        "mined": 1242,
        "pending": 721,
        "queued": 13845,
        "timestamp": 1645020369000,
        "blocknumber": 36
    },
    {
        "mined": 1685,
        "pending": 687,
        "queued": 17234,
        "timestamp": 1645020374000,
        "blocknumber": 37
    },
    {
        "mined": 9963,
        "pending": 11460,
        "queued": 1426,
        "timestamp": 1645020379000,
        "blocknumber": 38
    },
    {
        "mined": 9952,
        "pending": 3946,
        "queued": 3634,
        "timestamp": 1645020384000,
        "blocknumber": 39
    },
    {
        "mined": 4882,
        "pending": 656,
        "queued": 6876,
        "timestamp": 1645020389000,
        "blocknumber": 40
    },
    {
        "mined": 1631,
        "pending": 722,
        "queued": 10295,
        "timestamp": 1645020394000,
        "blocknumber": 41
    },
    {
        "mined": 1715,
        "pending": 710,
        "queued": 13834,
        "timestamp": 1645020399000,
        "blocknumber": 42
    },
    {
        "mined": 1682,
        "pending": 692,
        "queued": 17334,
        "timestamp": 1645020404000,
        "blocknumber": 43
    },
    {
        "mined": 1591,
        "pending": 20018,
        "queued": 1253,
        "timestamp": 1645020409000,
        "blocknumber": 44
    },
    {
        "mined": 9894,
        "pending": 12423,
        "queued": 3742,
        "timestamp": 1645020414000,
        "blocknumber": 45
    },
    {
        "mined": 9886,
        "pending": 4101,
        "queued": 6867,
        "timestamp": 1645020419000,
        "blocknumber": 46
    },
    {
        "mined": 4917,
        "pending": 487,
        "queued": 10283,
        "timestamp": 1645020424000,
        "blocknumber": 47
    },
    {
        "mined": 1482,
        "pending": 719,
        "queued": 13686,
        "timestamp": 1645020429000,
        "blocknumber": 48
    },
    {
        "mined": 1681,
        "pending": 765,
        "queued": 17041,
        "timestamp": 1645020434000,
        "blocknumber": 49
    },
    {
        "mined": 1691,
        "pending": 20351,
        "queued": 686,
        "timestamp": 1645020439000,
        "blocknumber": 50
    },
    {
        "mined": 9837,
        "pending": 12865,
        "queued": 3195,
        "timestamp": 1645020444000,
        "blocknumber": 51
    },
    {
        "mined": 9828,
        "pending": 4563,
        "queued": 6201,
        "timestamp": 1645020449000,
        "blocknumber": 52
    },
    {
        "mined": 5512,
        "pending": 672,
        "queued": 9187,
        "timestamp": 1645020454000,
        "blocknumber": 53
    },
    {
        "mined": 1675,
        "pending": 672,
        "queued": 12185,
        "timestamp": 1645020459000,
        "blocknumber": 54
    },
    {
        "mined": 1625,
        "pending": 730,
        "queued": 15442,
        "timestamp": 1645020464000,
        "blocknumber": 55
    },
    {
        "mined": 1638,
        "pending": 10082,
        "queued": 9228,
        "timestamp": 1645020469000,
        "blocknumber": 56
    },
    {
        "mined": 9779,
        "pending": 12384,
        "queued": 1604,
        "timestamp": 1645020474000,
        "blocknumber": 57
    },
    {
        "mined": 9770,
        "pending": 4255,
        "queued": 4691,
        "timestamp": 1645020479000,
        "blocknumber": 58
    },
    {
        "mined": 5219,
        "pending": 681,
        "queued": 7918,
        "timestamp": 1645020484000,
        "blocknumber": 59
    },
    {
        "mined": 1709,
        "pending": 783,
        "queued": 11422,
        "timestamp": 1645020489000,
        "blocknumber": 60
    },
    {
        "mined": 1816,
        "pending": 763,
        "queued": 14870,
        "timestamp": 1645020494000,
        "blocknumber": 61
    },
    {
        "mined": 1785,
        "pending": 9927,
        "queued": 9146,
        "timestamp": 1645020499000,
        "blocknumber": 62
    },
    {
        "mined": 9721,
        "pending": 12666,
        "queued": 1403,
        "timestamp": 1645020504000,
        "blocknumber": 63
    },
    {
        "mined": 9713,
        "pending": 4488,
        "queued": 4365,
        "timestamp": 1645020509000,
        "blocknumber": 64
    },
    {
        "mined": 5422,
        "pending": 647,
        "queued": 7523,
        "timestamp": 1645020514000,
        "blocknumber": 65
    },
    {
        "mined": 1609,
        "pending": 676,
        "queued": 10803,
        "timestamp": 1645020519000,
        "blocknumber": 66
    },
    {
        "mined": 1679,
        "pending": 746,
        "queued": 14144,
        "timestamp": 1645020524000,
        "blocknumber": 67
    },
    {
        "mined": 1715,
        "pending": 9783,
        "queued": 8146,
        "timestamp": 1645020529000,
        "blocknumber": 68
    },
    {
        "mined": 9665,
        "pending": 10241,
        "queued": 2652,
        "timestamp": 1645020534000,
        "blocknumber": 69
    },
    {
        "mined": 9655,
        "pending": 4408,
        "queued": 3351,
        "timestamp": 1645020539000,
        "blocknumber": 70
    },
    {
        "mined": 5301,
        "pending": 638,
        "queued": 6594,
        "timestamp": 1645020544000,
        "blocknumber": 71
    },
    {
        "mined": 1657,
        "pending": 762,
        "queued": 10038,
        "timestamp": 1645020549000,
        "blocknumber": 72
    },
    {
        "mined": 1701,
        "pending": 706,
        "queued": 13544,
        "timestamp": 1645020554000,
        "blocknumber": 73
    },
    {
        "mined": 1659,
        "pending": 654,
        "queued": 16963,
        "timestamp": 1645020559000,
        "blocknumber": 74
    },
    {
        "mined": 9607,
        "pending": 10561,
        "queued": 0,
        "timestamp": 1645020564000,
        "blocknumber": 75
    },
    {
        "mined": 9598,
        "pending": 1629,
        "queued": 0,
        "timestamp": 1645020569000,
        "blocknumber": 76
    },
    {
        "mined": 1629,
        "pending": 0,
        "queued": 0,
        "timestamp": 1645020574000,
        "blocknumber": 77
    },
    {
        "mined": 0,
        "pending": 0,
        "queued": 0,
        "timestamp": 1645020579000,
        "blocknumber": 78
    },
    {
        "mined": 0,
        "pending": 0,
        "queued": 0,
        "timestamp": 1645020584000,
        "blocknumber": 79
    },
    {
        "mined": 0,
        "pending": 0,
        "queued": 0,
        "timestamp": 1645020589000,
        "blocknumber": 80
    },
    {
        "mined": 0,
        "pending": 0,
        "queued": 0,
        "timestamp": 1645020594000,
        "blocknumber": 81
    },
    {
        "mined": 0,
        "pending": 0,
        "queued": 0,
        "timestamp": 1645020599000,
        "blocknumber": 82
    },
    {
        "mined": 0,
        "pending": 0,
        "queued": 0,
        "timestamp": 1645020604000,
        "blocknumber": 83
    },
    {
        "mined": 0,
        "pending": 0,
        "queued": 0,
        "timestamp": 1645020609000,
        "blocknumber": 84
    },
    {
        "mined": 0,
        "pending": 0,
        "queued": 0,
        "timestamp": 1645020614000,
        "blocknumber": 85
    }
]