[
    {
        "mined": 0,
        "pending": 0,
        "queued": 0,
        "timestamp": 1644434747000,
        "blocknumber": 14
    },
    {
        "mined": 0,
        "pending": 0,
        "queued": 0,
        "timestamp": 1644434752000,
        "blocknumber": 15
    },
    {
        "mined": 0,
        "pending": 0,
        "queued": 0,
        "timestamp": 1644434757000,
        "blocknumber": 16
    },
    {
        "mined": 202,
        "pending": 288,
        "queued": 0,
        "timestamp": 1644434762000,
        "blocknumber": 17
    },
    {
        "mined": 710,
        "pending": 456,
        "queued": 0,
        "timestamp": 1644434767000,
        "blocknumber": 18
    },
    {
        "mined": 957,
        "pending": 400,
        "queued": 0,
        "timestamp": 1644434772000,
        "blocknumber": 19
    },
    {
        "mined": 1022,
        "pending": 561,
        "queued": 0,
        "timestamp": 1644434777000,
        "blocknumber": 20
    },
    {
        "mined": 1080,
        "pending": 705,
        "queued": 0,
        "timestamp": 1644434782000,
        "blocknumber": 21
    },
    {
        "mined": 1433,
        "pending": 494,
        "queued": 0,
        "timestamp": 1644434787000,
        "blocknumber": 22
    },
    {
        "mined": 1048,
        "pending": 522,
        "queued": 0,
        "timestamp": 1644434792000,
        "blocknumber": 23
    },
    {
        "mined": 1139,
        "pending": 475,
        "queued": 0,
        "timestamp": 1644434797000,
        "blocknumber": 24
    },
    {
        "mined": 1240,
        "pending": 542,
        "queued": 0,
        "timestamp": 1644434802000,
        "blocknumber": 25
    },
    {
        "mined": 1470,
        "pending": 752,
        "queued": 0,
        "timestamp": 1644434807000,
        "blocknumber": 26
    },
    {
        "mined": 1918,
        "pending": 942,
        "queued": 0,
        "timestamp": 1644434812000,
        "blocknumber": 27
    },
    {
        "mined": 2213,
        "pending": 1010,
        "queued": 0,
        "timestamp": 1644434817000,
        "blocknumber": 28
    },
    {
        "mined": 2246,
        "pending": 985,
        "queued": 0,
        "timestamp": 1644434822000,
        "blocknumber": 29
    },
    {
        "mined": 2202,
        "pending": 1018,
        "queued": 0,
        "timestamp": 1644434827000,
        "blocknumber": 30
    },
    {
        "mined": 2181,
        "pending": 886,
        "queued": 0,
        "timestamp": 1644434832000,
        "blocknumber": 31
    },
    {
        "mined": 2127,
        "pending": 967,
        "queued": 0,
        "timestamp": 1644434837000,
        "blocknumber": 32
    },
    {
        "mined": 2166,
        "pending": 975,
        "queued": 0,
        "timestamp": 1644434842000,
        "blocknumber": 33
    },
    {
        "mined": 2201,
        "pending": 928,
        "queued": 0,
        "timestamp": 1644434847000,
        "blocknumber": 34
    },
    {
        "mined": 2137,
        "pending": 1017,
        "queued": 0,
        "timestamp": 1644434852000,
        "blocknumber": 35
    },
    {
        "mined": 2165,
        "pending": 957,
        "queued": 0,
        "timestamp": 1644434857000,
        "blocknumber": 36
    },
    {
        "mined": 2173,
        "pending": 997,
        "queued": 0,
        "timestamp": 1644434862000,
        "blocknumber": 37
    },
    {
        "mined": 2230,
        "pending": 958,
        "queued": 0,
        "timestamp": 1644434867000,
        "blocknumber": 38
    },
    {
        "mined": 2169,
        "pending": 954,
        "queued": 0,
        "timestamp": 1644434872000,
        "blocknumber": 39
    },
    {
        "mined": 2177,
        "pending": 1010,
        "queued": 0,
        "timestamp": 1644434877000,
        "blocknumber": 40
    },
    {
        "mined": 2198,
        "pending": 1007,
        "queued": 0,
        "timestamp": 1644434882000,
        "blocknumber": 41
    },
    {
        "mined": 2196,
        "pending": 991,
        "queued": 0,
        "timestamp": 1644434887000,
        "blocknumber": 42
    },
    {
        "mined": 2149,
        "pending": 945,
        "queued": 0,
        "timestamp": 1644434892000,
        "blocknumber": 43
    },
    {
        "mined": 2186,
        "pending": 958,
        "queued": 0,
        "timestamp": 1644434897000,
        "blocknumber": 44
    },
    {
        "mined": 2130,
        "pending": 955,
        "queued": 0,
        "timestamp": 1644434902000,
        "blocknumber": 45
    },
    {
        "mined": 2177,
        "pending": 994,
        "queued": 0,
        "timestamp": 1644434907000,
        "blocknumber": 46
    },
    {
        "mined": 2194,
        "pending": 1013,
        "queued": 0,
        "timestamp": 1644434912000,
        "blocknumber": 47
    },
    {
        "mined": 2225,
        "pending": 1023,
        "queued": 0,
        "timestamp": 1644434917000,
        "blocknumber": 48
    },
    {
        "mined": 2204,
        "pending": 992,
        "queued": 0,
        "timestamp": 1644434922000,
        "blocknumber": 49
    },
    {
        "mined": 2219,
        "pending": 971,
        "queued": 0,
        "timestamp": 1644434927000,
        "blocknumber": 50
    },
    {
        "mined": 2141,
        "pending": 929,
        "queued": 0,
        "timestamp": 1644434932000,
        "blocknumber": 51
    },
    {
        "mined": 2141,
        "pending": 0,
        "queued": 0,
        "timestamp": 1644434937000,
        "blocknumber": 52
    },
    {
        "mined": 0,
        "pending": 0,
        "queued": 0,
        "timestamp": 1644434942000,
        "blocknumber": 53
    },
    {
        "mined": 0,
        "pending": 0,
        "queued": 0,
        "timestamp": 1644434947000,
        "blocknumber": 54
    }
]