[
    {
        "mined": 0,
        "pending": 0,
        "queued": 0,
        "timestamp": 1644432183000,
        "blocknumber": 11
    },
    {
        "mined": 0,
        "pending": 0,
        "queued": 0,
        "timestamp": 1644432188000,
        "blocknumber": 12
    },
    {
        "mined": 0,
        "pending": 0,
        "queued": 0,
        "timestamp": 1644432193000,
        "blocknumber": 13
    },
    {
        "mined": 0,
        "pending": 0,
        "queued": 0,
        "timestamp": 1644432198000,
        "blocknumber": 14
    },
    {
        "mined": 0,
        "pending": 7,
        "queued": 9,
        "timestamp": 1644432203000,
        "blocknumber": 15
    },
    {
        "mined": 399,
        "pending": 686,
        "queued": 55,
        "timestamp": 1644432208000,
        "blocknumber": 16
    },
    {
        "mined": 1381,
        "pending": 604,
        "queued": 162,
        "timestamp": 1644432213000,
        "blocknumber": 17
    },
    {
        "mined": 1608,
        "pending": 1176,
        "queued": 114,
        "timestamp": 1644432218000,
        "blocknumber": 18
    },
    {
        "mined": 2497,
        "pending": 1406,
        "queued": 88,
        "timestamp": 1644432223000,
        "blocknumber": 19
    },
    {
        "mined": 3285,
        "pending": 1409,
        "queued": 163,
        "timestamp": 1644432228000,
        "blocknumber": 20
    },
    {
        "mined": 3370,
        "pending": 1682,
        "queued": 53,
        "timestamp": 1644432233000,
        "blocknumber": 21
    },
    {
        "mined": 3428,
        "pending": 1294,
        "queued": 99,
        "timestamp": 1644432238000,
        "blocknumber": 22
    },
    {
        "mined": 2515,
        "pending": 911,
        "queued": 218,
        "timestamp": 1644432243000,
        "blocknumber": 23
    },
    {
        "mined": 2510,
        "pending": 1586,
        "queued": 186,
        "timestamp": 1644432248000,
        "blocknumber": 24
    },
    {
        "mined": 3290,
        "pending": 1709,
        "queued": 39,
        "timestamp": 1644432253000,
        "blocknumber": 25
    },
    {
        "mined": 3560,
        "pending": 2462,
        "queued": 2,
        "timestamp": 1644432258000,
        "blocknumber": 26
    },
    {
        "mined": 4920,
        "pending": 2212,
        "queued": 75,
        "timestamp": 1644432263000,
        "blocknumber": 27
    },
    {
        "mined": 4816,
        "pending": 2113,
        "queued": 115,
        "timestamp": 1644432268000,
        "blocknumber": 28
    },
    {
        "mined": 4512,
        "pending": 2305,
        "queued": 33,
        "timestamp": 1644432273000,
        "blocknumber": 29
    },
    {
        "mined": 4907,
        "pending": 2289,
        "queued": 136,
        "timestamp": 1644432278000,
        "blocknumber": 30
    },
    {
        "mined": 4978,
        "pending": 2300,
        "queued": 26,
        "timestamp": 1644432283000,
        "blocknumber": 31
    },
    {
        "mined": 4766,
        "pending": 2211,
        "queued": 64,
        "timestamp": 1644432288000,
        "blocknumber": 32
    },
    {
        "mined": 4828,
        "pending": 2406,
        "queued": 97,
        "timestamp": 1644432293000,
        "blocknumber": 33
    },
    {
        "mined": 5096,
        "pending": 2389,
        "queued": 34,
        "timestamp": 1644432298000,
        "blocknumber": 34
    },
    {
        "mined": 5012,
        "pending": 2493,
        "queued": 100,
        "timestamp": 1644432303000,
        "blocknumber": 35
    },
    {
        "mined": 5391,
        "pending": 2412,
        "queued": 47,
        "timestamp": 1644432308000,
        "blocknumber": 36
    },
    {
        "mined": 5206,
        "pending": 2392,
        "queued": 103,
        "timestamp": 1644432313000,
        "blocknumber": 37
    },
    {
        "mined": 5124,
        "pending": 2197,
        "queued": 158,
        "timestamp": 1644432318000,
        "blocknumber": 38
    },
    {
        "mined": 4994,
        "pending": 2348,
        "queued": 39,
        "timestamp": 1644432323000,
        "blocknumber": 39
    },
    {
        "mined": 5077,
        "pending": 2420,
        "queued": 48,
        "timestamp": 1644432328000,
        "blocknumber": 40
    },
    {
        "mined": 5197,
        "pending": 2428,
        "queued": 12,
        "timestamp": 1644432333000,
        "blocknumber": 41
    },
    {
        "mined": 5230,
        "pending": 2582,
        "queued": 51,
        "timestamp": 1644432338000,
        "blocknumber": 42
    },
    {
        "mined": 5165,
        "pending": 2314,
        "queued": 78,
        "timestamp": 1644432343000,
        "blocknumber": 43
    },
    {
        "mined": 5117,
        "pending": 2453,
        "queued": 10,
        "timestamp": 1644432348000,
        "blocknumber": 44
    },
    {
        "mined": 5207,
        "pending": 2398,
        "queued": 90,
        "timestamp": 1644432353000,
        "blocknumber": 45
    },
    {
        "mined": 5212,
        "pending": 2398,
        "queued": 134,
        "timestamp": 1644432358000,
        "blocknumber": 46
    },
    {
        "mined": 5201,
        "pending": 2579,
        "queued": 33,
        "timestamp": 1644432363000,
        "blocknumber": 47
    },
    {
        "mined": 5288,
        "pending": 2588,
        "queued": 82,
        "timestamp": 1644432368000,
        "blocknumber": 48
    },
    {
        "mined": 5365,
        "pending": 2434,
        "queued": 52,
        "timestamp": 1644432373000,
        "blocknumber": 49
    },
    {
        "mined": 5118,
        "pending": 2393,
        "queued": 37,
        "timestamp": 1644432378000,
        "blocknumber": 50
    },
    {
        "mined": 5128,
        "pending": 2240,
        "queued": 57,
        "timestamp": 1644432383000,
        "blocknumber": 51
    },
    {
        "mined": 5055,
        "pending": 2135,
        "queued": 112,
        "timestamp": 1644432388000,
        "blocknumber": 52
    },
    {
        "mined": 5016,
        "pending": 2389,
        "queued": 80,
        "timestamp": 1644432393000,
        "blocknumber": 53
    },
    {
        "mined": 5023,
        "pending": 2476,
        "queued": 126,
        "timestamp": 1644432398000,
        "blocknumber": 54
    },
    {
        "mined": 5261,
        "pending": 2221,
        "queued": 78,
        "timestamp": 1644432403000,
        "blocknumber": 55
    },
    {
        "mined": 4912,
        "pending": 2332,
        "queued": 125,
        "timestamp": 1644432408000,
        "blocknumber": 56
    },
    {
        "mined": 5218,
        "pending": 2189,
        "queued": 71,
        "timestamp": 1644432413000,
        "blocknumber": 57
    },
    {
        "mined": 4994,
        "pending": 2197,
        "queued": 104,
        "timestamp": 1644432418000,
        "blocknumber": 58
    },
    {
        "mined": 5100,
        "pending": 2597,
        "queued": 18,
        "timestamp": 1644432423000,
        "blocknumber": 59
    },
    {
        "mined": 5417,
        "pending": 2395,
        "queued": 59,
        "timestamp": 1644432428000,
        "blocknumber": 60
    },
    {
        "mined": 5172,
        "pending": 2303,
        "queued": 129,
        "timestamp": 1644432433000,
        "blocknumber": 61
    },
    {
        "mined": 5369,
        "pending": 2254,
        "queued": 81,
        "timestamp": 1644432438000,
        "blocknumber": 62
    },
    {
        "mined": 5130,
        "pending": 2202,
        "queued": 27,
        "timestamp": 1644432443000,
        "blocknumber": 63
    },
    {
        "mined": 4924,
        "pending": 2409,
        "queued": 83,
        "timestamp": 1644432448000,
        "blocknumber": 64
    },
    {
        "mined": 4011,
        "pending": 0,
        "queued": 0,
        "timestamp": 1644432453000,
        "blocknumber": 65
    },
    {
        "mined": 0,
        "pending": 0,
        "queued": 0,
        "timestamp": 1644432458000,
        "blocknumber": 66
    },
    {
        "mined": 0,
        "pending": 0,
        "queued": 0,
        "timestamp": 1644432463000,
        "blocknumber": 67
    }
]