[
    {
        "mined": 0,
        "pending": 0,
        "queued": 0,
        "timestamp": 1644419678000,
        "blocknumber": 14
    },
    {
        "mined": 0,
        "pending": 80,
        "queued": 0,
        "timestamp": 1644419683000,
        "blocknumber": 15
    },
    {
        "mined": 469,
        "pending": 326,
        "queued": 0,
        "timestamp": 1644419688000,
        "blocknumber": 16
    },
    {
        "mined": 911,
        "pending": 699,
        "queued": 3,
        "timestamp": 1644419693000,
        "blocknumber": 17
    },
    {
        "mined": 1716,
        "pending": 862,
        "queued": 0,
        "timestamp": 1644419698000,
        "blocknumber": 18
    },
    {
        "mined": 2263,
        "pending": 1201,
        "queued": 0,
        "timestamp": 1644419703000,
        "blocknumber": 19
    },
    {
        "mined": 2740,
        "pending": 991,
        "queued": 2,
        "timestamp": 1644419708000,
        "blocknumber": 20
    },
    {
        "mined": 2437,
        "pending": 1209,
        "queued": 2,
        "timestamp": 1644419713000,
        "blocknumber": 21
    },
    {
        "mined": 3269,
        "pending": 1351,
        "queued": 2,
        "timestamp": 1644419718000,
        "blocknumber": 22
    },
    {
        "mined": 2983,
        "pending": 1315,
        "queued": 1,
        "timestamp": 1644419723000,
        "blocknumber": 23
    },
    {
        "mined": 2902,
        "pending": 1066,
        "queued": 0,
        "timestamp": 1644419728000,
        "blocknumber": 24
    },
    {
        "mined": 2632,
        "pending": 1103,
        "queued": 0,
        "timestamp": 1644419733000,
        "blocknumber": 25
    },
    {
        "mined": 3079,
        "pending": 1825,
        "queued": 2,
        "timestamp": 1644419738000,
        "blocknumber": 26
    },
    {
        "mined": 4336,
        "pending": 2224,
        "queued": 0,
        "timestamp": 1644419743000,
        "blocknumber": 27
    },
    {
        "mined": 5010,
        "pending": 2237,
        "queued": 0,
        "timestamp": 1644419748000,
        "blocknumber": 28
    },
    {
        "mined": 5057,
        "pending": 1883,
        "queued": 1,
        "timestamp": 1644419753000,
        "blocknumber": 29
    },
    {
        "mined": 4759,
        "pending": 2138,
        "queued": 0,
        "timestamp": 1644419758000,
        "blocknumber": 30
    },
    {
        "mined": 5007,
        "pending": 2291,
        "queued": 0,
        "timestamp": 1644419763000,
        "blocknumber": 31
    },
    {
        "mined": 5005,
        "pending": 2252,
        "queued": 0,
        "timestamp": 1644419768000,
        "blocknumber": 32
    },
    {
        "mined": 5115,
        "pending": 2222,
        "queued": 1,
        "timestamp": 1644419773000,
        "blocknumber": 33
    },
    {
        "mined": 5026,
        "pending": 2278,
        "queued": 0,
        "timestamp": 1644419778000,
        "blocknumber": 34
    },
    {
        "mined": 5154,
        "pending": 2330,
        "queued": 1,
        "timestamp": 1644419783000,
        "blocknumber": 35
    },
    {
        "mined": 5280,
        "pending": 2149,
        "queued": 0,
        "timestamp": 1644419788000,
        "blocknumber": 36
    },
    {
        "mined": 5064,
        "pending": 2216,
        "queued": 0,
        "timestamp": 1644419793000,
        "blocknumber": 37
    },
    {
        "mined": 5201,
        "pending": 2177,
        "queued": 0,
        "timestamp": 1644419798000,
        "blocknumber": 38
    },
    {
        "mined": 4991,
        "pending": 2026,
        "queued": 1,
        "timestamp": 1644419803000,
        "blocknumber": 39
    },
    {
        "mined": 4922,
        "pending": 2361,
        "queued": 4,
        "timestamp": 1644419808000,
        "blocknumber": 40
    },
    {
        "mined": 5210,
        "pending": 2261,
        "queued": 0,
        "timestamp": 1644419813000,
        "blocknumber": 41
    },
    {
        "mined": 5061,
        "pending": 2289,
        "queued": 0,
        "timestamp": 1644419818000,
        "blocknumber": 42
    },
    {
        "mined": 5188,
        "pending": 2318,
        "queued": 1,
        "timestamp": 1644419823000,
        "blocknumber": 43
    },
    {
        "mined": 5161,
        "pending": 2322,
        "queued": 1,
        "timestamp": 1644419828000,
        "blocknumber": 44
    },
    {
        "mined": 5106,
        "pending": 2330,
        "queued": 2,
        "timestamp": 1644419833000,
        "blocknumber": 45
    },
    {
        "mined": 5209,
        "pending": 2374,
        "queued": 0,
        "timestamp": 1644419838000,
        "blocknumber": 46
    },
    {
        "mined": 5177,
        "pending": 2287,
        "queued": 0,
        "timestamp": 1644419843000,
        "blocknumber": 47
    },
    {
        "mined": 5211,
        "pending": 2330,
        "queued": 0,
        "timestamp": 1644419848000,
        "blocknumber": 48
    },
    {
        "mined": 5199,
        "pending": 2326,
        "queued": 2,
        "timestamp": 1644419853000,
        "blocknumber": 49
    },
    {
        "mined": 5267,
        "pending": 2299,
        "queued": 2,
        "timestamp": 1644419858000,
        "blocknumber": 50
    },
    {
        "mined": 5213,
        "pending": 2160,
        "queued": 0,
        "timestamp": 1644419863000,
        "blocknumber": 51
    },
    {
        "mined": 5081,
        "pending": 2117,
        "queued": 0,
        "timestamp": 1644419868000,
        "blocknumber": 52
    },
    {
        "mined": 5101,
        "pending": 2175,
        "queued": 1,
        "timestamp": 1644419873000,
        "blocknumber": 53
    },
    {
        "mined": 5154,
        "pending": 2304,
        "queued": 0,
        "timestamp": 1644419878000,
        "blocknumber": 54
    },
    {
        "mined": 5282,
        "pending": 2276,
        "queued": 0,
        "timestamp": 1644419883000,
        "blocknumber": 55
    },
    {
        "mined": 5082,
        "pending": 2300,
        "queued": 0,
        "timestamp": 1644419888000,
        "blocknumber": 56
    },
    {
        "mined": 5217,
        "pending": 2353,
        "queued": 1,
        "timestamp": 1644419893000,
        "blocknumber": 57
    },
    {
        "mined": 5252,
        "pending": 2120,
        "queued": 0,
        "timestamp": 1644419898000,
        "blocknumber": 58
    },
    {
        "mined": 5026,
        "pending": 1271,
        "queued": 0,
        "timestamp": 1644419903000,
        "blocknumber": 59
    },
    {
        "mined": 1271,
        "pending": 0,
        "queued": 0,
        "timestamp": 1644419908000,
        "blocknumber": 60
    },
    {
        "mined": 0,
        "pending": 0,
        "queued": 0,
        "timestamp": 1644419913000,
        "blocknumber": 61
    }
]