[
    {
        "mined": 0,
        "pending": 0,
        "queued": 0,
        "timestamp": 1644439591000,
        "blocknumber": 18
    },
    {
        "mined": 0,
        "pending": 0,
        "queued": 0,
        "timestamp": 1644439596000,
        "blocknumber": 19
    },
    {
        "mined": 216,
        "pending": 596,
        "queued": 0,
        "timestamp": 1644439601000,
        "blocknumber": 20
    },
    {
        "mined": 1503,
        "pending": 924,
        "queued": 0,
        "timestamp": 1644439606000,
        "blocknumber": 21
    },
    {
        "mined": 2086,
        "pending": 1004,
        "queued": 0,
        "timestamp": 1644439611000,
        "blocknumber": 22
    },
    {
        "mined": 2157,
        "pending": 968,
        "queued": 0,
        "timestamp": 1644439616000,
        "blocknumber": 23
    },
    {
        "mined": 2205,
        "pending": 999,
        "queued": 1,
        "timestamp": 1644439621000,
        "blocknumber": 24
    },
    {
        "mined": 2361,
        "pending": 921,
        "queued": 2,
        "timestamp": 1644439626000,
        "blocknumber": 25
    },
    {
        "mined": 2364,
        "pending": 1237,
        "queued": 0,
        "timestamp": 1644439631000,
        "blocknumber": 26
    },
    {
        "mined": 2913,
        "pending": 1373,
        "queued": 0,
        "timestamp": 1644439636000,
        "blocknumber": 27
    },
    {
        "mined": 3001,
        "pending": 1345,
        "queued": 0,
        "timestamp": 1644439641000,
        "blocknumber": 28
    },
    {
        "mined": 2699,
        "pending": 1256,
        "queued": 0,
        "timestamp": 1644439646000,
        "blocknumber": 29
    },
    {
        "mined": 2850,
        "pending": 1372,
        "queued": 0,
        "timestamp": 1644439651000,
        "blocknumber": 30
    },
    {
        "mined": 2931,
        "pending": 1366,
        "queued": 0,
        "timestamp": 1644439656000,
        "blocknumber": 31
    },
    {
        "mined": 3173,
        "pending": 1503,
        "queued": 0,
        "timestamp": 1644439661000,
        "blocknumber": 32
    },
    {
        "mined": 3393,
        "pending": 1558,
        "queued": 2,
        "timestamp": 1644439666000,
        "blocknumber": 33
    },
    {
        "mined": 3272,
        "pending": 1542,
        "queued": 0,
        "timestamp": 1644439671000,
        "blocknumber": 34
    },
    {
        "mined": 3445,
        "pending": 1455,
        "queued": 0,
        "timestamp": 1644439676000,
        "blocknumber": 35
    },
    {
        "mined": 3441,
        "pending": 1473,
        "queued": 0,
        "timestamp": 1644439681000,
        "blocknumber": 36
    },
    {
        "mined": 3381,
        "pending": 1535,
        "queued": 1,
        "timestamp": 1644439686000,
        "blocknumber": 37
    },
    {
        "mined": 3493,
        "pending": 1445,
        "queued": 0,
        "timestamp": 1644439691000,
        "blocknumber": 38
    },
    {
        "mined": 3396,
        "pending": 1504,
        "queued": 1,
        "timestamp": 1644439696000,
        "blocknumber": 39
    },
    {
        "mined": 3388,
        "pending": 1554,
        "queued": 1,
        "timestamp": 1644439701000,
        "blocknumber": 40
    },
    {
        "mined": 3497,
        "pending": 1384,
        "queued": 0,
        "timestamp": 1644439706000,
        "blocknumber": 41
    },
    {
        "mined": 3358,
        "pending": 1515,
        "queued": 2,
        "timestamp": 1644439711000,
        "blocknumber": 42
    },
    {
        "mined": 3436,
        "pending": 1490,
        "queued": 0,
        "timestamp": 1644439716000,
        "blocknumber": 43
    },
    {
        "mined": 3459,
        "pending": 1513,
        "queued": 0,
        "timestamp": 1644439721000,
        "blocknumber": 44
    },
    {
        "mined": 3437,
        "pending": 1393,
        "queued": 1,
        "timestamp": 1644439726000,
        "blocknumber": 45
    },
    {
        "mined": 3428,
        "pending": 1465,
        "queued": 0,
        "timestamp": 1644439731000,
        "blocknumber": 46
    },
    {
        "mined": 3393,
        "pending": 1521,
        "queued": 0,
        "timestamp": 1644439736000,
        "blocknumber": 47
    },
    {
        "mined": 3439,
        "pending": 1545,
        "queued": 0,
        "timestamp": 1644439741000,
        "blocknumber": 48
    },
    {
        "mined": 3390,
        "pending": 1328,
        "queued": 0,
        "timestamp": 1644439746000,
        "blocknumber": 49
    },
    {
        "mined": 3205,
        "pending": 1444,
        "queued": 0,
        "timestamp": 1644439751000,
        "blocknumber": 50
    },
    {
        "mined": 3303,
        "pending": 1396,
        "queued": 1,
        "timestamp": 1644439756000,
        "blocknumber": 51
    },
    {
        "mined": 3344,
        "pending": 1558,
        "queued": 0,
        "timestamp": 1644439761000,
        "blocknumber": 52
    },
    {
        "mined": 3383,
        "pending": 1494,
        "queued": 0,
        "timestamp": 1644439766000,
        "blocknumber": 53
    },
    {
        "mined": 3482,
        "pending": 1441,
        "queued": 0,
        "timestamp": 1644439771000,
        "blocknumber": 54
    },
    {
        "mined": 3365,
        "pending": 1513,
        "queued": 0,
        "timestamp": 1644439776000,
        "blocknumber": 55
    },
    {
        "mined": 3512,
        "pending": 1447,
        "queued": 0,
        "timestamp": 1644439781000,
        "blocknumber": 56
    },
    {
        "mined": 3364,
        "pending": 1546,
        "queued": 0,
        "timestamp": 1644439786000,
        "blocknumber": 57
    },
    {
        "mined": 3495,
        "pending": 1453,
        "queued": 0,
        "timestamp": 1644439791000,
        "blocknumber": 58
    },
    {
        "mined": 3378,
        "pending": 1511,
        "queued": 1,
        "timestamp": 1644439796000,
        "blocknumber": 59
    },
    {
        "mined": 3540,
        "pending": 1419,
        "queued": 0,
        "timestamp": 1644439801000,
        "blocknumber": 60
    },
    {
        "mined": 3315,
        "pending": 1528,
        "queued": 0,
        "timestamp": 1644439806000,
        "blocknumber": 61
    },
    {
        "mined": 3406,
        "pending": 1536,
        "queued": 0,
        "timestamp": 1644439811000,
        "blocknumber": 62
    },
    {
        "mined": 2565,
        "pending": 0,
        "queued": 0,
        "timestamp": 1644439816000,
        "blocknumber": 63
    },
    {
        "mined": 0,
        "pending": 0,
        "queued": 0,
        "timestamp": 1644439821000,
        "blocknumber": 64
    }
]