[
    {
        "mined": 0,
        "pending": 0,
        "queued": 0,
        "timestamp": 1645019058000,
        "blocknumber": 11
    },
    {
        "mined": 0,
        "pending": 0,
        "queued": 0,
        "timestamp": 1645019063000,
        "blocknumber": 12
    },
    {
        "mined": 0,
        "pending": 0,
        "queued": 1,
        "timestamp": 1645019068000,
        "blocknumber": 13
    },
    {
        "mined": 130,
        "pending": 169,
        "queued": 620,
        "timestamp": 1645019073000,
        "blocknumber": 14
    },
    {
        "mined": 429,
        "pending": 191,
        "queued": 1527,
        "timestamp": 1645019078000,
        "blocknumber": 15
    },
    {
        "mined": 1413,
        "pending": 1564,
        "queued": 697,
        "timestamp": 1645019083000,
        "blocknumber": 16
    },
    {
        "mined": 1954,
        "pending": 2464,
        "queued": 214,
        "timestamp": 1645019088000,
        "blocknumber": 17
    },
    {
        "mined": 3888,
        "pending": 1782,
        "queued": 430,
        "timestamp": 1645019093000,
        "blocknumber": 18
    },
    {
        "mined": 3163,
        "pending": 1846,
        "queued": 609,
        "timestamp": 1645019098000,
        "blocknumber": 19
    },
    {
        "mined": 3002,
        "pending": 1974,
        "queued": 573,
        "timestamp": 1645019103000,
        "blocknumber": 20
    },
    {
        "mined": 2911,
        "pending": 2003,
        "queued": 410,
        "timestamp": 1645019108000,
        "blocknumber": 21
    },
    {
        "mined": 2600,
        "pending": 229,
        "queued": 1933,
        "timestamp": 1645019113000,
        "blocknumber": 22
    },
    {
        "mined": 3320,
        "pending": 1121,
        "queued": 772,
        "timestamp": 1645019118000,
        "blocknumber": 23
    },
    {
        "mined": 2899,
        "pending": 2574,
        "queued": 472,
        "timestamp": 1645019123000,
        "blocknumber": 24
    },
    {
        "mined": 3196,
        "pending": 2925,
        "queued": 1274,
        "timestamp": 1645019128000,
        "blocknumber": 25
    },
    {
        "mined": 5825,
        "pending": 2120,
        "queued": 698,
        "timestamp": 1645019133000,
        "blocknumber": 26
    },
    {
        "mined": 5005,
        "pending": 1251,
        "queued": 942,
        "timestamp": 1645019138000,
        "blocknumber": 27
    },
    {
        "mined": 4166,
        "pending": 2709,
        "queued": 320,
        "timestamp": 1645019143000,
        "blocknumber": 28
    },
    {
        "mined": 5633,
        "pending": 1322,
        "queued": 1122,
        "timestamp": 1645019148000,
        "blocknumber": 29
    },
    {
        "mined": 4288,
        "pending": 2057,
        "queued": 1140,
        "timestamp": 1645019153000,
        "blocknumber": 30
    },
    {
        "mined": 4995,
        "pending": 2766,
        "queued": 421,
        "timestamp": 1645019158000,
        "blocknumber": 31
    },
    {
        "mined": 5729,
        "pending": 1438,
        "queued": 1202,
        "timestamp": 1645019163000,
        "blocknumber": 32
    },
    {
        "mined": 4406,
        "pending": 2019,
        "queued": 1396,
        "timestamp": 1645019168000,
        "blocknumber": 33
    },
    {
        "mined": 4984,
        "pending": 2738,
        "queued": 846,
        "timestamp": 1645019173000,
        "blocknumber": 34
    },
    {
        "mined": 5710,
        "pending": 2717,
        "queued": 238,
        "timestamp": 1645019178000,
        "blocknumber": 35
    },
    {
        "mined": 5703,
        "pending": 1518,
        "queued": 792,
        "timestamp": 1645019183000,
        "blocknumber": 36
    },
    {
        "mined": 4508,
        "pending": 1973,
        "queued": 968,
        "timestamp": 1645019188000,
        "blocknumber": 37
    },
    {
        "mined": 4902,
        "pending": 2693,
        "queued": 334,
        "timestamp": 1645019193000,
        "blocknumber": 38
    },
    {
        "mined": 5653,
        "pending": 2344,
        "queued": 141,
        "timestamp": 1645019198000,
        "blocknumber": 39
    },
    {
        "mined": 5305,
        "pending": 1057,
        "queued": 1210,
        "timestamp": 1645019203000,
        "blocknumber": 40
    },
    {
        "mined": 4030,
        "pending": 2790,
        "queued": 713,
        "timestamp": 1645019208000,
        "blocknumber": 41
    },
    {
        "mined": 5776,
        "pending": 2345,
        "queued": 451,
        "timestamp": 1645019213000,
        "blocknumber": 42
    },
    {
        "mined": 5331,
        "pending": 1109,
        "queued": 1409,
        "timestamp": 1645019218000,
        "blocknumber": 43
    },
    {
        "mined": 4102,
        "pending": 2749,
        "queued": 935,
        "timestamp": 1645019223000,
        "blocknumber": 44
    },
    {
        "mined": 5764,
        "pending": 2816,
        "queued": 487,
        "timestamp": 1645019228000,
        "blocknumber": 45
    },
    {
        "mined": 5833,
        "pending": 2174,
        "queued": 643,
        "timestamp": 1645019233000,
        "blocknumber": 46
    },
    {
        "mined": 5129,
        "pending": 2740,
        "queued": 273,
        "timestamp": 1645019238000,
        "blocknumber": 47
    },
    {
        "mined": 5726,
        "pending": 1538,
        "queued": 1074,
        "timestamp": 1645019243000,
        "blocknumber": 48
    },
    {
        "mined": 4493,
        "pending": 2008,
        "queued": 1301,
        "timestamp": 1645019248000,
        "blocknumber": 49
    },
    {
        "mined": 4972,
        "pending": 2709,
        "queued": 629,
        "timestamp": 1645019253000,
        "blocknumber": 50
    },
    {
        "mined": 5635,
        "pending": 2451,
        "queued": 349,
        "timestamp": 1645019258000,
        "blocknumber": 51
    },
    {
        "mined": 5369,
        "pending": 994,
        "queued": 1422,
        "timestamp": 1645019263000,
        "blocknumber": 52
    },
    {
        "mined": 3889,
        "pending": 2720,
        "queued": 697,
        "timestamp": 1645019268000,
        "blocknumber": 53
    },
    {
        "mined": 5712,
        "pending": 2514,
        "queued": 261,
        "timestamp": 1645019273000,
        "blocknumber": 54
    },
    {
        "mined": 4516,
        "pending": 1966,
        "queued": 1397,
        "timestamp": 1645019278000,
        "blocknumber": 55
    },
    {
        "mined": 4959,
        "pending": 2769,
        "queued": 793,
        "timestamp": 1645019283000,
        "blocknumber": 56
    },
    {
        "mined": 5763,
        "pending": 2803,
        "queued": 221,
        "timestamp": 1645019288000,
        "blocknumber": 57
    },
    {
        "mined": 5795,
        "pending": 1304,
        "queued": 965,
        "timestamp": 1645019293000,
        "blocknumber": 58
    },
    {
        "mined": 4252,
        "pending": 2751,
        "queued": 368,
        "timestamp": 1645019298000,
        "blocknumber": 59
    },
    {
        "mined": 5760,
        "pending": 2168,
        "queued": 297,
        "timestamp": 1645019303000,
        "blocknumber": 60
    },
    {
        "mined": 4477,
        "pending": 0,
        "queued": 0,
        "timestamp": 1645019308000,
        "blocknumber": 61
    },
    {
        "mined": 0,
        "pending": 0,
        "queued": 0,
        "timestamp": 1645019313000,
        "blocknumber": 62
    },
    {
        "mined": 0,
        "pending": 0,
        "queued": 0,
        "timestamp": 1645019318000,
        "blocknumber": 63
    },
    {
        "mined": 0,
        "pending": 0,
        "queued": 0,
        "timestamp": 1645019323000,
        "blocknumber": 64
    }
]